Nome,Subcategoria,Peso,Preco
Arroz Agulhinha Tipo 1 CAMIL Pacote 5kg,Arroz Agulhinha,5kg,15.9
Arroz Agulhinha Tipo 1 QUALITÁ Pacote 5kg,Arroz Agulhinha,5kg,11.9
Arroz Agulhinha Tipo 1 TIO JOÃO Pacote 5kg,Arroz Agulhinha,5kg,15.99
Arroz Agulhinha Tipo 1 PRATO FINO Pacote 5kg,Arroz Agulhinha,5kg,19.9
Arroz Agulhinha Longo Fino Tipo 1 TIO JOÃO Pacote 2kg,Arroz Agulhinha,2kg,8.58
Arroz Parboilizado Tipo 1 CAMIL Pacote 5kg,Arroz Parboilizado,5kg,15.9
Arroz Agulhinha Tipo 1 BLUE VILLE Pacote 5kg,Arroz Agulhinha,5kg,11.9
Arroz Agulhinha Tipo 1 CAMIL Pacote 1kg,Arroz Agulhinha,1kg,3.79
Arroz Agulhinha Tipo 1 PRATO FINO Pacote 1kg,Arroz Agulhinha,1kg,4.29
Arroz Agulhinha Tipo 1 TIO JOÃO Pacote 1kg,Arroz Agulhinha,1kg,4.29
Arroz Agulhinha Tipo 1 QUALITÁ Pacote 1kg,Arroz Agulhinha,1kg,3.19
Arroz Parboilizado Tipo 1 TIO JOÃO Pacote 5kg,Arroz Parboilizado,5kg,19.5
Arroz Parboilizado Integral Tipo 1 TIO JOÃO Pacote 1kg com 8 Saquinhos,Arroz Parboilizado,Saquinhos,5.99
Arroz Basmati Tipo 1 Indiano TIO JOÃO à Vácuo 500g,Outros,500g,17.25
Arroz Culinária Italiana Tipo 1 Especial CAMIL Pacote 1kg,Outros,1kg,15.9
Arroz Agulhinha Tipo 1 BLUE VILLE Pacote 1kg,Arroz Agulhinha,1kg,2.99
Arroz Francês Basmati CASINO Caixa 500g,Outros,500g,11.9
Arroz Integral 7 Grãos RÁRIS Pacote 500g,Arroz Integral,500g,8.99
Arroz Orgânico Agulhinha Polido Tipo 1 Organic Pacote 1kg,Outros,1kg,6.99
Arroz Cozinha Canadense Selvagem TIO JOÃO à Vácuo 250g,Outros,250g,28.25
Arroz Cozinha e Sabor Carreteiro TIO JOÃO Pacote 175g,Outros,175g,5.55
Risoto Napolitano Cozinha e Sabor TIO JOÃO Pacote 175g,Risoto,175g,6.29
Risoto à Valligiana Cozinha & Sabor TIO JOÃO Pacote 175g,Risoto,175g,5.85
Arroz Cozinha Fácil com Tomate e Manjericão TIO JOÃO Pacote 250g,Outros,250g,5.99
Risoto à Grega Cozinha Fácil TIO JOÃO Pacote 250g,Risoto,250g,5.99
Arroz Italiano Arborio LA PASTINA Caixa 1kg,Outros,1kg,24.5
Risoto com Curry Cozinha Fácil TIO JOÃO Pacote 250g,Risoto,250g,5.99
Risoto à Parmegiana Cozinha & Sabor TIO JOÃO Pacote 175g,Risoto,175g,6.29
Arroz Especial Tipo 1 Arbório URBANO Pacote 1kg,Outros,1kg,15.5
Risoto com Funghi Cozinha Fácil TIO JOÃO Pacote 250g,Risoto,250g,5.99
Risoto Italiano Milanese PASTAROTTI Pacote 175g,Risoto,175g,28.25
Risoto com Brócolis Cozinha Fácil TIO JOÃO Pacote 250g,Risoto,250g,5.99
Arroz Cozinha e Sabor com Galinha TIO JOÃO Pacote 175g,Outros,175g,5.55
Risoto Italiano Napoletana PASTAROTTI Pacote 175g,Risoto,175g,28.25
Arroz Agulhinha Tipo 1 BIJU Pacote 5kg,Arroz Agulhinha,5kg,14.5
Risoto Italiano Veronese PASTAROTTI Pacote 175g,Risoto,175g,28.25
Arroz Agulhinha Tipo 1 PANTERA Pacote 1kg,Arroz Agulhinha,1kg,3.19
Arroz Agulhinha Tipo 1 PILECO NOBRE Pacote 1kg,Arroz Agulhinha,1kg,3.69
Arroz Agulhinha Tipo 1 PILECCO NOBRE Pacote 5kg,Arroz Agulhinha,5kg,16.9
Arroz Integral 7 Cereais CAMIL Pacote 1kg,Arroz Integral,1kg,13.5
Arroz Parboilizado Tipo 1 PILECO NOBRE Pacote 5kg,Arroz Parboilizado,5kg,16.5
